,Preds,Real
0,25.219704500074506,26.740000000000002
1,27.0182484606565,32.38999999999999
2,33.1339986184802,37.550000000000004
